{
    "accuracy": 0.61875,
    "precision": 0.6216216216216216,
    "recall": 0.5822784810126582,
    "f1_score": 0.6013071895424836,
    "confusion_matrix": [
        [
            53,
            28
        ],
        [
            33,
            46
        ]
    ]
}