feature,importance
total_spent,0.08011866688084054
avg_purchase_value,0.059652372613946826
days_since_last_purchase,0.051305535958335494
satisfaction_score,0.050659383653899895
tenure,0.05031041161366541
